[
    {
      "block": "rftoolsbuilder:blue_shield_template_block",
      "mass": 1.0
    },
    {
      "block": "rftoolsbuilder:red_shield_template_block",
      "mass": 1.0
    },
    {
      "block": "rftoolsbuilder:green_shield_template_block",
      "mass": 1.0
    },
    {
      "block": "rftoolsbuilder:yellow_shield_template_block",
      "mass": 1.0
    },
    {
      "block": "rftoolsbuilder:shielding_translucent",
      "mass": 1.0
    },
    {
      "block": "rftoolsbuilder:shielding_solid",
      "mass": 1.0
    }
]